method,n_windows,mae,rmse,dtw_mae,pearson_r_mean,r2_mean,smoothness_pred
MuscleMAP,617,0.015184604986970777,0.02686166861117176,0.015184604968857533,-5.174191787339172e-10,-36931.96262792405,0.0
Kinesis,617,0.0164903319143423,0.02546601512920673,0.0164903319143423,0.0,-96354.24127934239,0.0
