{
  "meta": {
    "n_samples": 617,
    "n_paired_sequences": 319,
    "device": "cpu"
  },
  "layer1": {
    "musclemap": {
      "n_samples": 617,
      "mae": 0.045323708986733685,
      "rmse": 0.06577686799427486,
      "dtw_mae": 0.045323708986733685,
      "dtw_rmse": 0.06577686799427486,
      "pearson_r_mean": -5.862056438028755e-10,
      "r2_mean": -21668.33938177903,
      "onset_timing_error_mean": 42.59782612842062,
      "energy_pred": 0.006282532254816599,
      "energy_ref": 0.000883800629889585,
      "energy_ratio": 14.719040611179706,
      "coactivation_frobenius": 77.28627063621386,
      "smoothness_pred": 0.0,
      "smoothness_ref": 0.006977262903994321,
      "r2_per_muscle_named": {
        "addbrev_r": -166.328980913425,
        "addlong_r": -62.16846043074344,
        "addmagDist_r": -3991.6287102536985,
        "addmagIsch_r": -5045.672892463072,
        "addmagMid_r": -552.3908610614424,
        "addmagProx_r": -403.4674034190139,
        "bflh_r": -4274.273850367753,
        "bfsh_r": -368.2311599490322,
        "edl_r": -43.37223526183365,
        "ehl_r": -122.1019176376117,
        "fdl_r": -739.8650822202816,
        "fhl_r": -2363.4322910061533,
        "gaslat_r": -931.841806968182,
        "gasmed_r": -166728.7813859262,
        "glmax1_r": -39630.69681843019,
        "glmax2_r": -20664.3578062498,
        "glmax3_r": -143573.3300109953,
        "glmed1_r": -212.85461440484374,
        "glmed2_r": -24033.788124249088,
        "glmed3_r": -114008.42894550331,
        "glmin1_r": -740.8760522476472,
        "glmin2_r": -1094.15981983868,
        "glmin3_r": -3504.3171279753046,
        "grac_r": -1343.4233459761695,
        "iliacus_r": -30.007531591327304,
        "perbrev_r": -291.61185063013573,
        "perlong_r": -225.7690925701511,
        "piri_r": -20289.742788226522,
        "psoas_r": -47.816768616486215,
        "recfem_r": -71.67630071520226,
        "sart_r": -282.0472010176997,
        "semimem_r": -2099.363136316041,
        "semiten_r": -919.6650303754853,
        "soleus_r": -60781.066803047295,
        "tfl_r": -166.87040551844834,
        "tibant_r": -1713.7384198639343,
        "tibpost_r": -732.9885385987052,
        "vasint_r": -1733.3341358264415,
        "vaslat_r": -78730.63431645444,
        "vasmed_r": -10082.239173132944,
        "addbrev_l": -273.8611045836243,
        "addlong_l": -122.22281788349925,
        "addmagDist_l": -46736.05764324004,
        "addmagIsch_l": -30490.311135947028,
        "addmagMid_l": -6483.419324279797,
        "addmagProx_l": -2078.4887335312037,
        "bflh_l": -50443.462945308056,
        "bfsh_l": -166.93167335693414,
        "edl_l": -128.09611701617558,
        "ehl_l": -56.10463763461893,
        "fdl_l": -157.51785579338258,
        "fhl_l": -235.70085992901986,
        "gaslat_l": -15633.810062250597,
        "gasmed_l": -247119.9121087069,
        "glmax1_l": -20479.06064135097,
        "glmax2_l": -22525.10056725333,
        "glmax3_l": -328674.0093249071,
        "glmed1_l": -140.72433113375592,
        "glmed2_l": -968.4543400684091,
        "glmed3_l": -23806.652003208666,
        "glmin1_l": -506.325889681881,
        "glmin2_l": -673.525936924851,
        "glmin3_l": -1642.3120946122915,
        "grac_l": -2243.52246983743,
        "iliacus_l": -50.82715354726999,
        "perbrev_l": -338.76086482545736,
        "perlong_l": -1439.4205068506337,
        "piri_l": -6012.618299645775,
        "psoas_l": -52.469103243594425,
        "recfem_l": -41.57609102308653,
        "sart_l": -242.12874110069615,
        "semimem_l": -36756.63710202487,
        "semiten_l": -6069.32783860287,
        "soleus_l": -83628.94857436989,
        "tfl_l": -128.0283275804025,
        "tibant_l": -2341.535967476944,
        "tibpost_l": -645.2633038048226,
        "vasint_l": -165.80666396722222,
        "vaslat_l": -74607.75563686033,
        "vasmed_l": -6362.103967361358
      },
      "onset_timing_errors_all": [
        48.0,
        49.0,
        16.0,
        16.0,
        87.0,
        104.0,
        18.0,
        22.0,
        49.0,
        63.0,
        25.0,
        4.0,
        39.0,
        104.0,
        13.0,
        22.0,
        25.0,
        8.0,
        4.0,
        74.0,
        37.0,
        11.0,
        77.0,
        45.0,
        74.0,
        17.0,
        13.0,
        13.0,
        40.0,
        13.0,
        12.0,
        9.0,
        54.0,
        44.0,
        55.0,
        22.0,
        54.0,
        36.0,
        14.0,
        32.0,
        29.0,
        41.0,
        12.0,
        71.0,
        86.0,
        101.0,
        101.0,
        20.0,
        24.0,
        20.0,
        25.0,
        29.0,
        29.0,
        50.0,
        65.0,
        11.0,
        41.0,
        11.0,
        1.0,
        4.0,
        48.0,
        55.0,
        52.0,
        10.0,
        16.0,
        44.0,
        49.0,
        0.0,
        5.0,
        41.0,
        0.0,
        83.0,
        45.0,
        45.0,
        105.0
      ]
    },
    "kinesis": {
      "n_samples": 319,
      "mae": 0.015919146405351945,
      "rmse": 0.023700344206934624,
      "dtw_mae": 0.015919146405351945,
      "dtw_rmse": 0.023700344206934624,
      "pearson_r_mean": 0.0,
      "r2_mean": -98673.16896674177,
      "onset_timing_error_mean": null,
      "energy_pred": 0.0,
      "energy_ref": 0.0006796746341574376,
      "energy_ratio": 0.0,
      "coactivation_frobenius": null,
      "smoothness_pred": 0.0,
      "smoothness_ref": 0.003325455719457288,
      "r2_per_muscle_named": {
        "glmax1_r": -10219.242015666723,
        "glmax2_r": -17217.625532099446,
        "glmax3_r": -2657.5086805226288,
        "glmed1_r": -1.4149634729732166,
        "glmed2_r": -55.71989499924699,
        "glmed3_r": -902.623981710138,
        "semimem_r": -354.25762021765814,
        "semiten_r": -344.9822976118345,
        "bflh_r": -670.3727328369984,
        "bfsh_r": -479.6645078591792,
        "recfem_r": -2.289055862396862,
        "vasmed_r": -23454.929724728427,
        "vasint_r": -14380.224496442323,
        "vaslat_r": -41604.013381953526,
        "gasmed_r": -161527.1509430827,
        "gaslat_r": -119144.12664058291,
        "soleus_r": -1596207.8907719436,
        "tibpost_r": -35821.05387471836,
        "tibant_r": -18542.14470497867,
        "perbrev_r": -11875.584567174643,
        "perlong_r": -21423.550114263937,
        "glmax1_l": -6734.352997733507,
        "glmax2_l": -13704.00934262784,
        "glmax3_l": -5561.026124700484,
        "glmed1_l": -1.376810515562195,
        "glmed2_l": -9.491402095388096,
        "glmed3_l": -334.2367177525284,
        "semimem_l": -827.0612044162511,
        "semiten_l": -685.0515684520936,
        "bflh_l": -1637.2119379850765,
        "bfsh_l": -386.97445128255504,
        "recfem_l": -2.408227891010177,
        "vasmed_l": -27846.3391739642,
        "vasint_l": -16929.390490354042,
        "vaslat_l": -49858.099987831985,
        "gasmed_l": -139191.1656273764,
        "gaslat_l": -127003.89981486805,
        "soleus_l": -1594944.0031347962,
        "tibpost_l": -35830.820610979135,
        "tibant_l": -12614.049226345312,
        "perbrev_l": -11875.796564562568,
        "perlong_l": -21409.963966106545
      },
      "onset_timing_errors_all": []
    }
  },
  "layer1_paired": {
    "n_sequences": 319,
    "n_muscles": 42,