{
  "meta": {
    "n_samples": 617,
    "n_paired_sequences": 319,
    "device": "mps"
  },
  "layer1": {
    "musclemap": {
      "n_samples": 617,
      "mae": 0.020987768151844145,
      "rmse": 0.034739942022718524,
      "dtw_mae": 0.020987768151844145,
      "dtw_rmse": 0.034739942022718524,
      "pearson_r_mean": 1.5394214382470105e-08,
      "r2_mean": -20057.951776736365,
      "onset_timing_error_mean": null,
      "energy_pred": 0.0019367471079959426,
      "energy_ref": 0.0009329396017847471,
      "energy_ratio": 4.406976781993113,
      "coactivation_frobenius": 79.58903484870008,
      "smoothness_pred": 0.0,
      "smoothness_ref": 0.004968062542530601,
      "r2_per_muscle_named": {
        "addbrev_r": -72.70598478352038,
        "addlong_r": -32.094433252003824,
        "addmagDist_r": -250.7884419258062,
        "addmagIsch_r": -117.92161747335035,
        "addmagMid_r": -15.577439216972364,
        "addmagProx_r": -6.2173540180660725,
        "bflh_r": -245.7458728267849,
        "bfsh_r": -4.028103583345923,
        "edl_r": -337.756875024236,
        "ehl_r": -45.58707682394711,
        "fdl_r": -14147.094440528213,
        "fhl_r": -2116.045756598153,
        "gaslat_r": -7586.859263132612,
        "gasmed_r": -19826.58070283848,
        "glmax1_r": -185.43521458113406,
        "glmax2_r": -16131.913682691089,
        "glmax3_r": -15946.347253008058,
        "glmed1_r": -4.249496928876571,
        "glmed2_r": -1008.6351908849163,
        "glmed3_r": -2550.114365228764,
        "glmin1_r": -35.55155551182393,
        "glmin2_r": -13.930303812413394,
        "glmin3_r": -96.13107866522172,
        "grac_r": -23.04872026184583,
        "iliacus_r": -8.695850387771086,
        "perbrev_r": -13251.590928236901,
        "perlong_r": -130.78703129494403,
        "piri_r": -8784.245181715662,
        "psoas_r": -3.329435922338279,
        "recfem_r": -31.838253606660246,
        "sart_r": -16.400689038890302,
        "semimem_r": -694.3727609581847,
        "semiten_r": -339.37675272336463,
        "soleus_r": -88029.66534554977,
        "tfl_r": -15.950099861602537,
        "tibant_r": -1197.0290834818707,
        "tibpost_r": -17961.648261393297,
        "vasint_r": -13634.143360125961,
        "vaslat_r": -5064.726798109143,
        "vasmed_r": -8408.510849383507,
        "addbrev_l": -59.0909803332927,
        "addlong_l": -23.178514562317773,
        "addmagDist_l": -5093.453467606339,
        "addmagIsch_l": -17222.334512869773,
        "addmagMid_l": -1134.522292283984,
        "addmagProx_l": -1242.7085262374708,
        "bflh_l": -593.6917435881385,
        "bfsh_l": -21.179104573143167,
        "edl_l": -145.7667255583227,
        "ehl_l": -7.785922521613599,
        "fdl_l": -746.2169291806955,
        "fhl_l": -1194.8116668024172,
        "gaslat_l": -8735.847700902863,
        "gasmed_l": -178961.7883779794,
        "glmax1_l": -18117.49352082634,
        "glmax2_l": -4050.797221893043,
        "glmax3_l": -15515.75636566149,
        "glmed1_l": -27.27002203367904,
        "glmed2_l": -152.09806910674035,
        "glmed3_l": -601.2975692024494,
        "glmin1_l": -104.49053562711471,
        "glmin2_l": -48.76790568952236,
        "glmin3_l": -192.69842945775878,
        "grac_l": -1.1024012184993182,
        "iliacus_l": -14.286589414412624,
        "perbrev_l": -76.10332240567601,
        "perlong_l": -2396.965131162438,
        "piri_l": -38.88687452833309,
        "psoas_l": -9.99833010062213,
        "recfem_l": -8.041415770011358,
        "sart_l": -61.27662339357348,
        "semimem_l": -13927.193897471048,
        "semiten_l": -24.50591599535517,
        "soleus_l": -917292.1208903005,
        "tfl_l": -13.384288458229078,
        "tibant_l": -304.33210449280574,
        "tibpost_l": -55009.13637133433,
        "vasint_l": -4422.475754786156,
        "vaslat_l": -913.8227672313176,
        "vasmed_l": -117756.78783240156
      },
      "onset_timing_errors_all": []
    },
    "kinesis": {
      "n_samples": 319,
      "mae": 0.015919146405351945,
      "rmse": 0.023700344206934624,
      "dtw_mae": 0.015919146405351945,
      "dtw_rmse": 0.023700344206934624,
      "pearson_r_mean": 0.0,
      "r2_mean": -98673.16896674177,
      "onset_timing_error_mean": null,
      "energy_pred": 0.0,
      "energy_ref": 0.0006796746341574376,
      "energy_ratio": 0.0,
      "coactivation_frobenius": null,
      "smoothness_pred": 0.0,
      "smoothness_ref": 0.003325455719457288,
      "r2_per_muscle_named": {
        "glmax1_r": -10219.242015666723,
        "glmax2_r": -17217.625532099446,
        "glmax3_r": -2657.5086805226288,
        "glmed1_r": -1.4149634729732166,
        "glmed2_r": -55.71989499924699,
        "glmed3_r": -902.623981710138,
        "semimem_r": -354.25762021765814,
        "semiten_r": -344.9822976118345,
        "bflh_r": -670.3727328369984,
        "bfsh_r": -479.6645078591792,
        "recfem_r": -2.289055862396862,
        "vasmed_r": -23454.929724728427,
        "vasint_r": -14380.224496442323,
        "vaslat_r": -41604.013381953526,
        "gasmed_r": -161527.1509430827,
        "gaslat_r": -119144.12664058291,
        "soleus_r": -1596207.8907719436,
        "tibpost_r": -35821.05387471836,
        "tibant_r": -18542.14470497867,
        "perbrev_r": -11875.584567174643,
        "perlong_r": -21423.550114263937,
        "glmax1_l": -6734.352997733507,
        "glmax2_l": -13704.00934262784,
        "glmax3_l": -5561.026124700484,
        "glmed1_l": -1.376810515562195,
        "glmed2_l": -9.491402095388096,
        "glmed3_l": -334.2367177525284,
        "semimem_l": -827.0612044162511,
        "semiten_l": -685.0515684520936,
        "bflh_l": -1637.2119379850765,
        "bfsh_l": -386.97445128255504,
        "recfem_l": -2.408227891010177,
        "vasmed_l": -27846.3391739642,
        "vasint_l": -16929.390490354042,
        "vaslat_l": -49858.099987831985,
        "gasmed_l": -139191.1656273764,
        "gaslat_l": -127003.89981486805,
        "soleus_l": -1594944.0031347962,
        "tibpost_l": -35830.820610979135,
        "tibant_l": -12614.049226345312,
        "perbrev_l": -11875.796564562568,
        "perlong_l": -21409.963966106545
      },
      "onset_timing_errors_all": []
    }
  },
  "layer1_paired": {
    "n_sequences": 319,
    "n_muscles": 42,
    "muscle_names": [
      "glmax1_r",
      "glmax2_r",
      "glmax3_r",
      "glmed1_r",
      "glmed2_r",
      "glmed3_r",
      "semimem_r",
      "semiten_r",
      "bflh_r",
      "bfsh_r",
      "recfem_r",
      "vasmed_r",
      "vasint_r",
      "vaslat_r",
      "gasmed_r",
      "gaslat_r",
      "soleus_r",
      "tibpost_r",
      "tibant_r",
      "perbrev_r",
      "perlong_r",
      "glmax1_l",
      "glmax2_l",
      "glmax3_l",
      "glmed1_l",
      "glmed2_l",
      "glmed3_l",
      "semimem_l",
      "semiten_l",
      "bflh_l",
      "bfsh_l",
      "recfem_l",
      "vasmed_l",
      "vasint_l",
      "vaslat_l",
      "gasmed_l",
      "gaslat_l",
      "soleus_l",
      "tibpost_l",
      "tibant_l",
      "perbrev_l",
      "perlong_l"
    ],
    "description": "Paired comparison on sequences with Kinesis precompute artifacts; both methods scored on the same mapped Rajagopal leg muscles.",
    "musclemap": {
      "n_samples": 319,
      "mae": 0.014815474396168624,
      "rmse": 0.02559290742822762,
      "dtw_mae": 0.0148154743844906,
      "dtw_rmse": 0.02559290740487157,
      "pearson_r_mean": -5.137845010767445e-10,
      "r2_mean": -37065.2449794279,
      "onset_timing_error_mean": null,
      "energy_pred": 0.0012119150651928306,
      "energy_ref": 0.0006796746353434871,
      "energy_ratio": 2.9740651131221427,
      "coactivation_frobenius": null,
      "smoothness_pred": 0.0,
      "smoothness_ref": 0.0033254557280333386,
      "r2_per_muscle_named": {
        "glmax1_r": -137.94052519581535,
        "glmax2_r": -15343.332072316292,
        "glmax3_r": -22207.747930373145,